Reference,Qty,Value,DNP,Exclude from BOM,Exclude from Board,Footprint,Datasheet
"C1,C2",2,22pF,,,,Capacitor_SMD:C_0805_2012Metric,~
"C3,C4",2,100nF,,,,Capacitor_SMD:C_0805_2012Metric,~
"C5,C6",2,10uF,,,,Capacitor_SMD:C_0805_2012Metric,~
D1,1,D_TVS_Dual_AAC,,,,Package_TO_SOT_SMD:SOT-23,~
"D2,D3",2,LED,,,,LED_SMD:LED_0805_2012Metric,~
J1,1,Conn_01x07,,,,Connector_PinHeader_2.54mm:PinHeader_1x07_P2.54mm_Vertical,~
J2,1,Screw_Terminal_01x02,,,,"TerminalBlock_Phoenix:TerminalBlock_Phoenix_MKDS-1,5-2-5.08_1x02_P5.08mm_Horizontal",~
J3,1,Conn_01x02,,,,Connector_PinHeader_2.54mm:PinHeader_1x02_P2.54mm_Vertical,~
R1,1,120,,,,Resistor_SMD:R_0805_2012Metric,~
"R2,R3",2,1k,,,,Resistor_SMD:R_0805_2012Metric,~
U1,1,MCP2518FD-xQBB,,,,Package_SO:SOIC-14_3.9x8.7mm_P1.27mm,https://ww1.microchip.com/downloads/aemDocuments/documents/OTH/ProductDocuments/DataSheets/External-CAN-FD-Controller-with-SPI-Interface-DS20006027B.pdf
U2,1,MCP2561-E-MF,,,,Package_SO:SOIC-8_3.9x4.9mm_P1.27mm,http://ww1.microchip.com/downloads/en/DeviceDoc/25167A.pdf
U3,1,AMS1117-5.0,,,,Package_TO_SOT_SMD:SOT-223-3_TabPin2,http://www.advanced-monolithic.com/pdf/ds1117.pdf
Y1,1,20MHz,,,,Crystal:Crystal_SMD_HC49-SD,~
